Segmento,Pearson_r,R2,p_value,Significancia,N
Divergencia (10–19 h),0.7614222089380112,0.5797637802640403,1.2865282678589453e-95,***,499
Equilibrio  (21–9 h),0.9494418048787984,0.9014397408515102,2.533405120083413e-267,***,529
